path	size	md5
_docs/LOS3D改动说明.md	5425	eb2eb9a59249c1545691673d5ecca0a6
_docs/ROUTE_OFFER净空改动说明.md	5664	85252c2f603c63b5056a11da1cc052a7
_docs/实机复盘_ORCA与高度护栏.md	10425	1035f494e67f01a3fda078f53b4c822a
_docs/服务器启动Gazebo指南.md	8549	f7521d7eeb1d362a9160b60da979187e
_extra/los3d/swarm_heightfield.py	8954	9ed978b4296c515a60911af3d7ea3ee8
_extra/tools/make_situ.py	13985	488bae4c04c803305a8a6af12e72dd14
_extra/tools/patch_executor.py	5879	124bcb93b0e16d81732ed3b5452782e1
_extra/verify/scan_visibility.py	3781	c8e2e396f5f1776cb74dd32db9a5df6b
_extra/verify/test_los3d.py	9545	caa51b7537b6f122f2efbe8d0950f224
_extra/verify/verify_route_offer.py	14043	6e77c80feed9dc9bb7798d542bb06e75
_ops/actor_escape_buildings.py	4632	1ee8c860c619d50b9ac0a4cc4a1773a3
_ops/actor_motion_bridge.py	8297	ca6c51a86b6b0ac6922bfb373210f20b
_ops/actor_watchdog.py	12229	28b572ad885c5f85e8828dc5978d3aa7
_ops/start_swarm_layer.sh	924	59dbadf29f6c037c260a3fbdd1e0e72e
_symlinks.txt	78	ad004f0ec723eb89c5a8fd761fd6fc70
robocup/README.md	9269	8d98c38baf60686f99a95abf3799565a
robocup/config/coordination/six_uav_gazebo.json	3203	11b91ea5fdbc40a2f7c4116474591851
robocup/config/expected_topics.txt	170	166dbaa4188646f860247bba02b202f5
robocup/config/multi_uav/fleet.yaml	4540	23162ef1c2f90674b263bd377a694972
robocup/config/official_example.env.example	367	541d2f6b1b89d1a0fb5bfe4cb96864f7
robocup/config/scenarios/headon_matrix.spec	625	6f5d2322464c4971738cb72dd949c6e7
robocup/deps/apt-packages.txt	720	b5653bd40386702cfe49f3ab52be4941
robocup/deps/requirements-px4-1.13.txt	605	9efff523297f2b3f165f128ff172faf4
robocup/deps/requirements.txt	157	d1c1949b6478d6cd0818dbbd9a708c49
robocup/deps/rosdep-keys.txt	198	092bf7d583e0ef96048c905c03d0bc67
robocup/docker/.gitkeep	1	68b329da9893e34099c7d8ad5cb9c940
robocup/docker/Dockerfile.dev-noetic	525	4568ef98ef53983b1712270b7744d99f
robocup/docker/Dockerfile.single-uav	2293	ea10618894ce09f96a7e3700cbe54e44
robocup/docs/astar_validation_2026-09-05.md	7111	efaf12851631c6e7c104b317b59b2db3
robocup/docs/build_and_run_validation.md	3568	d81958008eef6e035d4ac682d40f71fb
robocup/docs/cloud_migration.md	4980	37aa7b696900eb5592e5fdf130bb0536
robocup/docs/coordination_adapter_clarifications.md	5998	e6e3e947dac38441e405cb687e6760c5
robocup/docs/coordination_core_handoff.md	10328	b6e3b0f3694f1016ce7b08bc9c380a5c
robocup/docs/coordination_integration_analysis.md	17552	a021bfdd4b1d3c189620d657a0134e42
robocup/docs/coordination_interface_v0.md	9678	bac55df0a48196bc079e2d6f0eb3b201
robocup/docs/docker_recovery_2026-09-05.md	2967	8e6300e2a1e3917b1320b19780b47ab0
robocup/docs/environment_audit.md	4097	5f897f20b97c81d535326ffb3160cedb
robocup/docs/full_city_gazebo_validation_2026-09-05.md	4110	419d9b061a8df527ccb9885897c8314b
robocup/docs/gazebo_visual_demo.md	4843	63fb48c63208ebc1144587a5b458370d
robocup/docs/gazebo_visual_validation_2026-09-05.md	4632	3515ed39360d5e5fb52dfff0a6fabad1
robocup/docs/installed_components.md	2574	5026fb7f5dd9086f6492a34849203ffb
robocup/docs/official_assets_missing.md	1801	f34863b99809441cd22524aa168b6e3a
robocup/docs/online_replan_2026-09-07.md	4943	f68f6a53a1c10c722987c97154b6aff5
robocup/docs/single_wall_demo.md	6298	17e6c71f18f85db8afef7883de5135f7
robocup/docs/single_wall_validation_2026-09-06.md	6983	a4c853d63db5b640524aca55a8737684
robocup/docs/training_map_ai_brief.md	8813	c00b4f55c80160ffad96ded24f333b39
robocup/docs/training_worlds_2026-09-05.md	7187	b52f3fe9515956295b9685a5dbc9e11f
robocup/docs/uav_motion_demo.md	7957	4568c00fc98e16a6bb6109489bee6ada
robocup/docs/uav_motion_validation_2026-09-05.md	7564	34d1d6c6e256088a882b8af3e9a11a2d
robocup/docs/uav_navigation_roadmap_2026-09-05.md	7721	1b2845f21e3affcb347dff6877040459
robocup/docs/version_manifest.md	3616	142c1da49691c07a2fef8a0aedcae20b
robocup/docs/vm_setup_log.md	13293	f6d76f0eb32cf7cc2e7aa7c6166fb4f2
robocup/docs/vm_ubuntu20_setup.md	1368	1987ebf8c57860579d2ed19fd26c3b1f
robocup/docs/wb_coordination_integration.md	5467	929ed03e8c2bd8c3bb55e3ac5d418c93
robocup/docs/wb_executor_integration_design.md	7213	b47385b15b1d7f7fee186b0bfb59b354
robocup/docs/wb_multi_uav_bringup.md	4903	7b230a8c9f3b0b29234b7badc7f3ac41
robocup/examples/coordination_demo.py	5922	819e680888e1de83a3b820bf15bf3583
robocup/launch/.gitkeep	1	68b329da9893e34099c7d8ad5cb9c940
robocup/mission_time.py	53564	71fc83eaef0b6514fb9d877fc319a815
robocup/observer_assign.py	22469	12634b24e1a1652b4b3f2401d58d466a
robocup/scripts/build.ps1	579	220888cbb1dbb8d0e529addfdbdba01b
robocup/scripts/build.sh	539	a68b513d012776d40d484a698251be63
robocup/scripts/build_single_uav.ps1	1443	3ac6c6e24aefcccb107171852e1e5535
robocup/scripts/cancel_single_uav_demo.ps1	513	aadf598514e45b68d02fb2cf33cc2ae2
robocup/scripts/cloud/deploy_cloud.sh	11190	0483af44a2736df0eb361121f4879a35
robocup/scripts/cloud/run_swarm.sh	2156	251bde40e03daa0ccb1b95b8a145ce1c
robocup/scripts/cloud/run_swarm_fleet.sh	2935	75a50f6c7d6ff95f0785fcc9bf699e66
robocup/scripts/cloud/stop_swarm.sh	791	f60f367cd7b00f6ecca6661f743bd46a
robocup/scripts/collect_logs.ps1	833	0ee3342a746827ad4c4b6b1346848c5f
robocup/scripts/collect_logs.sh	488	06ab50666861b9144a5333e2b66690f4
robocup/scripts/collect_logs_single_uav.ps1	1113	39d9893cc092df58d1089be59ae5876d
robocup/scripts/common.ps1	2421	0f6fb8a78c251147cf9e3797ce77905e
robocup/scripts/common.sh	1427	0e60a3ee53b2f7a78d30c0b61229620d
robocup/scripts/container/build_xtdrone_gazebo_ros.sh	1555	6743ed7074c13c2714d4e9bd14cd110c
robocup/scripts/container/check_astar_package.sh	691	b49c2b67d414e12dea4cc9b9683ef542
robocup/scripts/container/check_single_uav_connected.sh	262	eace2bcbb57a386602cd8984a6d501f0
robocup/scripts/container/entrypoint.sh	612	b7bd41819208f5c625ebdc25d7400c8a
robocup/scripts/container/generate_training_city.sh	2745	fff27859ac26ed933331de76f8edc86d
robocup/scripts/container/health_check.sh	1786	e8cf865dab84d3817f07b44ddfcb6878
robocup/scripts/container/health_check_single_uav.sh	1243	b7146f134e535b15c82836af699234f5
robocup/scripts/container/init_workspace.sh	583	d2a2949f6aea6315d3aef0cbc89b0d9c
robocup/scripts/container/prepare_xtdrone_px4.sh	2593	65f42ecc2e6ffdbffc71c59804c71baf
robocup/scripts/container/run_astar_tests.sh	166	59f1f5436911d40fae050ca1e6decf5b
robocup/scripts/container/run_route_tests.sh	458	e471d9a8895c777b388f6737f8b03498
robocup/scripts/container/run_single_uav_demo.sh	990	979d6ed748f40d23e7510c6de09773cc
robocup/scripts/container/run_single_wall_demo.sh	447	355846593f88e2fa242375c20a83dcac
robocup/scripts/container/run_training_city_tests.sh	267	6f04f9cce91b038a2500bc2e14ab9d0c
robocup/scripts/container/show_single_uav.sh	1056	ee9f6074cb5c8839ef02bb51139e8db1
robocup/scripts/container/single_uav_env.sh	769	7dec97c79f8eb4d6598f93235998ddb6
robocup/scripts/container/single_wall_tools.py	4537	5aac40e936eac9e2686f3885a03b6034
robocup/scripts/container/single_wall_tools.sh	245	10fe40b598900159149ac637a63f6243
robocup/scripts/container/start_sim.sh	757	83db6cb99a98967c7b85bf9ea5343cff
robocup/scripts/container/start_single_uav.sh	1330	b885c619f72405f2b583698cde85c0dd
robocup/scripts/container/start_training_city.sh	2760	18366cdedf5c7b13ecee408d14870d3b
robocup/scripts/coordination_harness.py	17009	434480ecaa9728935626f2dd6b0d3358
robocup/scripts/coordination_targetsim.py	3075	7291a3b8ce3727f4b26951fe5b3df2ef
robocup/scripts/coordination_verdict.py	630	126f926516c7dbf331f249fe7703e2a1
robocup/scripts/generate_training_city.ps1	1505	406e34e8b5a2976a14beb27aa0d88845
robocup/scripts/health_check.ps1	462	14c873db0fa0433aa472b5fc59211323
robocup/scripts/health_check.sh	244	2e94b851050b13acb53ae686d0d345d3
robocup/scripts/health_check_single_uav.ps1	678	cbfadd9c47dee80d916f5ed80006fce5
robocup/scripts/plan_training_route.ps1	1467	95214335c843840c0853303abdfefc7d
robocup/scripts/reset.ps1	1454	4ba55433d33fb3a4b35fc68ba6963b32
robocup/scripts/reset.sh	744	868eb83035dbee129033043bf6c48b83
robocup/scripts/reset_single_uav.ps1	926	fb568e8110b6d155ab41fcc674ec9d24
robocup/scripts/run_astar_tests.ps1	741	68decf97c405cd80b5c3025f65118d12
robocup/scripts/run_single_uav_demo.ps1	956	1fc0d7dded6d141f46a5fe58fab3f4f5
robocup/scripts/run_single_uav_visual_demo.ps1	409	009d8dbf104874960ef0274a8df63878
robocup/scripts/run_single_wall_demo.ps1	5102	788406a1e18ce07e9dce9319ef9af881
robocup/scripts/run_training_city_tests.ps1	905	bea0c5d3f0eb87c1a10c1f0de43d8163
robocup/scripts/show_single_uav.ps1	3619	2791e029dbb0af071ec1eee6f83d914f
robocup/scripts/single_uav_common.ps1	1808	9ac0ed04448927b47d3dacc5f5a15ffa
robocup/scripts/start.ps1	361	c50ecdbb4260f8d519730a2fe5787cab
robocup/scripts/start.sh	362	d63207697c1a302f504a25ef2acefce0
robocup/scripts/start_single_uav.ps1	972	66ab8e29b8b8bb128e08574c363b3e7a
robocup/scripts/start_training_city.ps1	2262	6b2dcf7f31c9b18f8ae9680d91b20f82
robocup/scripts/stop.ps1	267	3693ca9fe763600113af7aaa0961bea7
robocup/scripts/stop.sh	289	54f00f704830b36f78b80289d6193ee5
robocup/scripts/stop_single_uav.ps1	271	c3cfcd121a825c76a9609cd78334456c
robocup/scripts/validate_single_wall_demo.ps1	550	e7c8b88d82ce7ce0feb036f8c336c54e
robocup/scripts/vm/bootstrap_ubuntu20.sh	8336	fc5dcc63a60030c318344b5821b20876
robocup/scripts/vm/boundary_goals.py	3112	7998750f7b8af9c957fb5de80455b28f
robocup/scripts/vm/check_spawn_points.py	6613	e2f872cb184f2b9c5853e8b382746381
robocup/scripts/vm/collect_runs.py	8334	d414e86091d503ec60133f938e6a5e1d
robocup/scripts/vm/create_vm.sh	2712	5bfc040484fc157e0480605a3fabbb58
robocup/scripts/vm/fly_headon_b.py	5901	054bcb8a2ff8b065cf0c473d4ccaf24a
robocup/scripts/vm/gen_multi_uav_launch.py	5894	2d00ef6f57b2319df784c37350e3f554
robocup/scripts/vm/gen_uav_configs.py	1805	c48b0e2ad9ed4311c406de27afd2bba4
robocup/scripts/vm/inject_goal.py	2266	cdf282092c3e704e2f800c25fbb56934
robocup/scripts/vm/inject_goal_chain.py	5700	1e35009f97d628c76cad114b051e6f00
robocup/scripts/vm/mission_time.py	45324	978dab70d3212ecb8c08d7b978c62b29
robocup/scripts/vm/monitor_coordination.py	10164	0ea9b574ebfaef5da0a3657f978e8215
robocup/scripts/vm/mu_fleet.py	3981	64ed5fef1dd6e0c67445b95dddab1b4c
robocup/scripts/vm/multi_uav_common.sh	2035	a94ac6333565f3859d58421ae752ffb9
robocup/scripts/vm/offline_batch_100.py	6899	3ae3437b12a67af32e06306c7216c4e6
robocup/scripts/vm/p.cfg	2681	c561a12271b6707b55e72f92042bed62
robocup/scripts/vm/pause_clock.py	1627	64359adabaf9c7d64c462a2e283424a2
robocup/scripts/vm/pause_clock.sh	4056	4613a2c9100f80c72e314d2d90bd8478
robocup/scripts/vm/persistent_los.py	7059	d04e05f70df3e431b94a35c690ac1d48
robocup/scripts/vm/preseed_ubuntu20.cfg	2681	c561a12271b6707b55e72f92042bed62
robocup/scripts/vm/probe_conn.py	3270	b806df7e59f7c2af66418c4f3b91a025
robocup/scripts/vm/probe_form.py	8062	ec14c517333be2bab199179166f48522
robocup/scripts/vm/probe_offer_safety.py	3999	420deb8c7e14fe5c1616f71d3fb3ace1
robocup/scripts/vm/probe_orbit.py	2881	4482a06de3f551cdd4303760aeb5ddfd
robocup/scripts/vm/probe_st_dir.py	6030	fbbc3024c343f3f876921d059568ec5e
robocup/scripts/vm/probe_stuck.py	3875	c66a272d6df06f3781075569c1cde2c8
robocup/scripts/vm/probe_teleport.py	5519	3af2eaabf647cc3ce7b96e26be80a8cb
robocup/scripts/vm/relay_depth.py	2526	593681b937ac0cf58fc6d3d7e746c098
robocup/scripts/vm/reset_multi_uav.sh	894	ef5f721a6007ce6091893f96f377eb05
robocup/scripts/vm/route_planner.py	8484	bf4f81a063be4ff43e7d50d79c3da65b
robocup/scripts/vm/run_ablation.py	13941	156d6c99654fc5d98412f38ec33dad15
robocup/scripts/vm/run_depth_cut.sh	8947	27a631e7ffa155118233d75fdb92bf10
robocup/scripts/vm/run_headon.sh	5531	6155d7e8c96f42939934de347f4051e3
robocup/scripts/vm/run_headon_reliability.sh	2162	9fed799beac64e0d8700801ec6bfe36a
robocup/scripts/vm/run_matrix.sh	2159	a3acc14f750c81165b2e6a6e789c51c4
robocup/scripts/vm/run_preempt.sh	1252	933bb13963c420c1632cad6a3a99c74f
robocup/scripts/vm/run_preempt_chain.sh	1454	ceb0294f837f19d00e89b5b7fecf933d
robocup/scripts/vm/run_test.sh	287	6078083e3f387b8c54693f70aa8ffe2b
robocup/scripts/vm/start_coordination_sim.py	9106	94fcd9832066de0ebde815189fc4802e
robocup/scripts/vm/start_multi_uav.sh	4798	6fab26d456b354336b3bab2016dad9ab
robocup/scripts/vm/start_single_uav_native.sh	815	603709529f0ddd81bf92942a1a97ce00
robocup/scripts/vm/stop_multi_uav.sh	411	1f8d013a19d3ed9a43993a06f98bec26
robocup/scripts/vm/strategy_compare.py	37470	ab35d68d54dbf50a1432dea8f269dc74
robocup/scripts/vm/task_allocator.py	60580	29497e8c312951908ccd0df3613669a4
robocup/scripts/vm/test_speed_toward.py	4934	9af2ec3a5257e4097091ccaa1f5e57b3
robocup/scripts/vm/tracker_blocker.py	10465	76562f2ed29e3f152a2f61a76e790887
robocup/scripts/vm/verify_cooperative.py	10042	f00fe05f858271879a95f2ed2225cfe7
robocup/scripts/vm/verify_route_planner.py	5367	3d2c2b0c5d58f91c828c1ac2d909231a
robocup/scripts/vm_backup_20260920_121202/mission_time.py	31626	75312a9a8aaf438b879c63c6e096b1ee
robocup/scripts/vm_backup_20260920_121202/task_allocator.py	57370	e4c95f61ae73c4a14c437eca1cd0adb9
robocup/src/CMakeLists.txt	0	d41d8cd98f00b204e9800998ecf8427e
robocup/src/px4pkg/CMakeLists.txt	330	ca51b8d6462b52434fa8eefc8b3a5f95
robocup/src/px4pkg/package.xml	539	57eddea4823f10097b0bfbec4a54c410
robocup/src/px4pkg/px4	479	8a62a372154ffc17195bf00fc5ba3224
robocup/src/px4pkg/scripts/gen_iris_sdf.sh	1231	33e1adb375eec2a8dc5a882c5c3c7c41
robocup/src/px4pkg/scripts/px4_delayed_start_multi.sh	2481	0f020f1e59e62b67a9d6cd8d4363c48c
robocup/src/robocup_environment_baseline/CMakeLists.txt	124	193ed7a234bfdfb2ad91064b48f7ce83
robocup/src/robocup_environment_baseline/package.xml	384	6ac7f8097fe6165fb4d14cc9e19e6782
robocup/src/robocup_navigation/CMakeLists.txt	533	53cb59a860b1ebdad26956ca29e3cf5a
robocup/src/robocup_navigation/config/astar_planner.yaml	308	0eebb363fced4a569ead6f3090b8cf57
robocup/src/robocup_navigation/config/single_uav_waypoints.yaml	1284	160375aaaa6a0e8cc9e07cd43873f558
robocup/src/robocup_navigation/config/single_wall_route.yaml	3268	1d3db29936915b8c32a4e53460476403
robocup/src/robocup_navigation/launch/single_uav_waypoints.launch	315	25cd2ab64fafaa0633985f21b1a8a8a7
robocup/src/robocup_navigation/package.xml	653	02fa25d6a24da6472aea070ac6af29bc
robocup/src/robocup_navigation/scripts/coordination_executor.py	29351	0a36a5683553297d6ec6784e4c71bd0d
robocup/src/robocup_navigation/scripts/coordination_node.py	14123	51d67bfc34ce46f74d48c35d3458cd57
robocup/src/robocup_navigation/scripts/plan_training_route.py	5979	f45a4a333e536f77c544fb66fa24678a
robocup/src/robocup_navigation/scripts/uav_navigation_node.py	113820	acd30ed97c2dde16770fac74e1b6d3b5
robocup/src/robocup_navigation/setup.py	578	af36a744868f5ebe056378aa4639c065
robocup/src/robocup_navigation/src/robocup_navigation/__init__.py	66	ab49b0c27fedab2417001238c0ec11a4
robocup/src/robocup_navigation/src/robocup_navigation/astar.py	11285	6ade738e123cb9cbc28733a04256fd17
robocup/src/robocup_navigation/src/robocup_navigation/coordination/__init__.py	186	79e4880701f585d71ac4c4f2a97a80f7
robocup/src/robocup_navigation/src/robocup_navigation/coordination/core.py	25988	588aebc50ded34f00a27b72e148176b6
robocup/src/robocup_navigation/src/robocup_navigation/coordination/executor.py	7963	a08d0bfc969c93cdc8027f4bfadb1519
robocup/src/robocup_navigation/src/robocup_navigation/coordination/geometry.py	2229	4c4f47525864bb3a2a1303a31f34f099
robocup/src/robocup_navigation/src/robocup_navigation/coordination/protocol.py	4228	99fada47d531b324c9b87497a48ad352
robocup/src/robocup_navigation/src/robocup_navigation/coordination/route_planner.py	8484	bf4f81a063be4ff43e7d50d79c3da65b
robocup/src/robocup_navigation/src/robocup_navigation/coordination/verdict.py	9415	350dbc710cc9ca161da849584b630bf1
robocup/src/robocup_navigation/src/robocup_navigation/coordination_adapter/__init__.py	1344	e144fc880e862fae6a2c7ce98ff16681
robocup/src/robocup_navigation/src/robocup_navigation/coordination_adapter/bus.py	4689	d7adf628b8fad0e818960c01198b2068
robocup/src/robocup_navigation/src/robocup_navigation/coordination_adapter/map_revision.py	3085	d9f0dfbca16e5081666dae557cd97421
robocup/src/robocup_navigation/src/robocup_navigation/coordination_adapter/monitor.py	4249	50509c4df4bd7c910b26ad854486d4bb
robocup/src/robocup_navigation/src/robocup_navigation/coordination_adapter/position_cache.py	1458	7ececba771dc2df631169282de4787d4
robocup/src/robocup_navigation/src/robocup_navigation/coordination_adapter/stop_check.py	3212	3a059bb100e047af2cee384b90714278
robocup/src/robocup_navigation/src/robocup_navigation/coordination_adapter/waiting_points.py	5330	8ccd4234b46296c54fc855813136d454
robocup/src/robocup_navigation/src/robocup_navigation/local_grid.py	18076	4dc23daac5308adc8d9ced24a41fd2be
robocup/src/robocup_navigation/src/robocup_navigation/route_runtime.py	51009	97ff695f62182aec5cd1cfa6e65b7df0
robocup/src/robocup_navigation/src/robocup_navigation/route_safety.py	29178	b562c2bce893da3af6e33bb83746ba07
robocup/src/robocup_swarm/CMakeLists.txt	7243	ba3226abe876b23de2d77846180d0bdd
robocup/src/robocup_swarm/launch/multi_uav_sitl.launch	12282	b376bc584c061bc290acca22fb894619
robocup/src/robocup_swarm/launch/multi_uav_sitl.launch.bak.1790500580	11976	35002d3efbee48eb574cb1efd0207340
robocup/src/robocup_swarm/launch/swarm.launch	4915	14f9b05cd5b5e5ff14df4a19f5aa2b02
robocup/src/robocup_swarm/launch/swarm.launch.bak.with_targets_20260926_235030	4123	6a3f7f987e6670c06f7ae982876b8090
robocup/src/robocup_swarm/msg/ActorInfo.msg	178	0163284a431640a3d67350559165961f
robocup/src/robocup_swarm/msg/SearchAssignment.msg	559	c1d7fa4d719c053bd2767ecf34917eeb
robocup/src/robocup_swarm/msg/SearchAssignment.msg.bak_improve	501	5fb8da7298083434fd4cc222597c13c9
robocup/src/robocup_swarm/msg/TargetDetection.msg	817	a84d818a9517efb439ff4f49069dcb86
robocup/src/robocup_swarm/msg/TargetState.msg	1193	5e12a5e41ecb0b0ff035ca7cdd98af0b
robocup/src/robocup_swarm/msg/UavStatus.msg	889	2d9efca7e3c0a020b11be14d45101112
robocup/src/robocup_swarm/package.xml	3079	dc77262ffe37dea929b04d26186785dd
robocup/src/robocup_swarm/scripts/control_actor.py	31942	f63971717ae0104eeb257f7cf624cec2
robocup/src/robocup_swarm/scripts/control_actors.sh	179	b07631aa6f806263fe42e78554afa56c
robocup/src/robocup_swarm/scripts/cooperative_tracker.py	26642	69a390f411b8a2a17d3627b85d536ea5
robocup/src/robocup_swarm/scripts/cooperative_tracker.py.bak_old	11871	30c9d99fd60de04c0673d4c3c5b3aaa6
robocup/src/robocup_swarm/scripts/detection_to_actor.py	2477	76cd0b02bb8c7cc868950bc33416cda2
robocup/src/robocup_swarm/scripts/dwa_avoidance.py	93681	dcea7ab147d8f383b7eea710dc6974d0
robocup/src/robocup_swarm/scripts/judge_report_20260926_194905.json	2888	e866500a41dae5606366a1a8ce50c5ce
robocup/src/robocup_swarm/scripts/judge_system.py	22095	9f7d1b08ad32651fdef69655cffb137b
robocup/src/robocup_swarm/scripts/local_esdf.py	9897	33cb3f30de77d706d29ec70156fb5934
robocup/src/robocup_swarm/scripts/mission_time.py	45324	978dab70d3212ecb8c08d7b978c62b29
robocup/src/robocup_swarm/scripts/persistent_los.py	7059	d04e05f70df3e431b94a35c690ac1d48
robocup/src/robocup_swarm/scripts/result.txt	2595	5139fac556090d746b9a4452f3ba6850
robocup/src/robocup_swarm/scripts/result_baseline.txt	2553	c31b4e0bc81aec2a65c2ffff4687f0ee
robocup/src/robocup_swarm/scripts/result_baseline_fixed.txt	2553	482c1985834a907d1dabaee07b693d85
robocup/src/robocup_swarm/scripts/result_baseline_v2.txt	2553	482c1985834a907d1dabaee07b693d85
robocup/src/robocup_swarm/scripts/route_planner.py	8484	bf4f81a063be4ff43e7d50d79c3da65b
robocup/src/robocup_swarm/scripts/run_ablation.py	13941	156d6c99654fc5d98412f38ec33dad15
robocup/src/robocup_swarm/scripts/run_multi_uav_3.sh	4721	141ec672f5b31805dc81230bec969667
robocup/src/robocup_swarm/scripts/run_test.sh	287	6078083e3f387b8c54693f70aa8ffe2b
robocup/src/robocup_swarm/scripts/score_cal.py	12615	6755476a073a11b7936119b417be724a
robocup/src/robocup_swarm/scripts/single_uav_avoidance.py	11452	5bf0192828b004722c42fb7751338eb7
robocup/src/robocup_swarm/scripts/strategy_compare.py	37470	ab35d68d54dbf50a1432dea8f269dc74
robocup/src/robocup_swarm/scripts/swarm_agent.py	67479	ee2905bfef325b81df0a807615445525
robocup/src/robocup_swarm/scripts/swarm_agent.py.bak.1790485718	47327	c2df89a025cc097fcb506afa55738371
robocup/src/robocup_swarm/scripts/swarm_agent.py.bak.1790489939	47481	a7a9bb19aa4957354247f93ed5b2517c
robocup/src/robocup_swarm/scripts/swarm_agent.py.bak.1790500773	48365	99ec4eee5254d416a713122fa8131cda
robocup/src/robocup_swarm/scripts/swarm_agent.py.bak.alt.20260927_234918	59781	eda8b4ba651945133ce4955556d2f5c9
robocup/src/robocup_swarm/scripts/swarm_agent.py.bak.alt_20260926_223954	45285	b4fcbf895a317a6a35d49a0a76aa419e
robocup/src/robocup_swarm/scripts/swarm_agent.py.bak.avoid.20260927_225905	57252	f336c2dc48e16ab2a5111743ae791698
robocup/src/robocup_swarm/scripts/swarm_agent.py.bak.backoff.1790524158	61565	7101ce04591d278f121a9390964adaea
robocup/src/robocup_swarm/scripts/swarm_agent.py.bak.fix_20260926_232058	45285	de54b81d030b77ed7c522a3c7f9f2426
robocup/src/robocup_swarm/scripts/swarm_agent.py.bak.plan	64448	f8f23ae4df2a3ab2d99091a98e0a72c3
robocup/src/robocup_swarm/scripts/swarm_agent.py.bak.stuck.1790505473	50546	e2adee61b2988b71972628e2c6d70d67
robocup/src/robocup_swarm/scripts/swarm_agent.py.bak_alt3	66161	d3660bc9c178be573557035b9c819609
robocup/src/robocup_swarm/scripts/swarm_agent.py.bak_alt4	67160	615e56f3390a0dee06da75a7619e2c1d
robocup/src/robocup_swarm/scripts/swarm_agent.py.bak_improve	26679	c24cb6c17d8275df4f1882524609696d
robocup/src/robocup_swarm/scripts/swarm_controller.py	2085	120122d05236b2cacde6cab8fb498920
robocup/src/robocup_swarm/scripts/swarm_manager.py	50937	381c5ace5c9734a26a661a46d7fde733
robocup/src/robocup_swarm/scripts/swarm_manager.py.bak.1790478005	22586	7e79e5c5e5bafc3e3715c97cca8b0299
robocup/src/robocup_swarm/scripts/swarm_manager.py.bak.1790478639	24797	8ba47456bf583f36d8a273d01c77677a
robocup/src/robocup_swarm/scripts/swarm_manager.py.bak.1790484854	27977	539ff0af292f7f153aff3fd6c500a44d
robocup/src/robocup_swarm/scripts/swarm_manager.py.bak.1790486609	28277	a0ad26d588e9245074e52af5ecba47e7
robocup/src/robocup_swarm/scripts/swarm_manager.py.bak.1790488048	30410	16884017df724908fda1714ea79a6ebf
robocup/src/robocup_swarm/scripts/swarm_manager.py.bak.1790488843	36975	5d5272c7cf1eed6a00682648c2d75ac9
robocup/src/robocup_swarm/scripts/swarm_manager.py.bak.1790492386	38334	298b67a8d391fcd2d7a1fe1e02320c19
robocup/src/robocup_swarm/scripts/swarm_manager.py.bak.1790493986	39462	2c60e24ac20671a5afe7d6c41982567f
robocup/src/robocup_swarm/scripts/swarm_manager.py.bak.1790494645	39760	bec80b01e883423b852b1e83fc864151
robocup/src/robocup_swarm/scripts/swarm_manager.py.bak.edge.20260927_225013	41023	cfdb8fe08fbe7c5560a14abf25dfc1d8
robocup/src/robocup_swarm/scripts/swarm_manager.py.bak.grid.1790520613	46850	2554765b06b692efb1841468ef059ae3
robocup/src/robocup_swarm/scripts/swarm_manager.py.bak.noautoland	46915	7ec2e6b4673d9b1b143f343730e2d6a1
robocup/src/robocup_swarm/scripts/swarm_manager.py.bak.thru.1790494645	40874	b83487460ed81bb8d8dce805090a950c
robocup/src/robocup_swarm/scripts/swarm_manager.py.bak.thru.1790517302	40874	36c96102af4911989e388c4518f97134
robocup/src/robocup_swarm/scripts/swarm_manager.py.bak_griddef	50760	cb6b77fba939ba4a35e82888d46d96af
robocup/src/robocup_swarm/scripts/swarm_manager.py.bak_improve	16867	8de9bbe3049004379c5794b9e9a27a12
robocup/src/robocup_swarm/scripts/swarm_offboard_server.py	10154	85e1845e3e912452c9edaeab3f965386
robocup/src/robocup_swarm/scripts/swarm_task.py	42214	029418894e89aeed8adf083d8e691a6d
robocup/src/robocup_swarm/scripts/swarm_task.py.bak.1790475923	31913	3f9fdf18f941320a1d3989e9431e5eb8
robocup/src/robocup_swarm/scripts/swarm_task.py.bak.alloc.1790475963	34940	8d65d78618a801d4ea2ee3ef349fdcbb
robocup/src/robocup_swarm/scripts/swarm_task.py.bak.edge.20260927_225013	36604	0a359fd9d06a3e7fa0e4cc8e7f487844
robocup/src/robocup_swarm/scripts/swarm_task.py.bak.grid.1790556832	38168	74a1b93f80a088204f6b6db908dfb667
robocup/src/robocup_swarm/scripts/swarm_task.py.bak.spread.20260928_085352	37173	382fc8bc34b16f789c10aa959dde6592
robocup/src/robocup_swarm/scripts/swarm_task.py.bak.thru.1790515897	36604	ab79dae37e85ba87b15d6a10c794614b
robocup/src/robocup_swarm/scripts/swarm_task.py.bak_improve	25857	ca7a7fadfe5a09fc89877e06e9973dbc
robocup/src/robocup_swarm/scripts/swarm_viz.py	21118	1fd8ff6ac942a132b7bbbc2f127d3975
robocup/src/robocup_swarm/scripts/swarm_viz.py.bak_clock	20974	8e6e2c59b3f5032856fd0b1962ad9cdf
robocup/src/robocup_swarm/scripts/swarm_viz.py.bak_vizbig	20502	ca654cf46fa9a5a5bd8e5815bc90adba
robocup/src/robocup_swarm/scripts/target_sim_node.py	13783	5e18c04c89a2109b483797b3673aff61
robocup/src/robocup_swarm/scripts/task_allocator.py	60580	29497e8c312951908ccd0df3613669a4
robocup/src/robocup_swarm/scripts/team_bench.py	37861	a284783ba473fbb1f5e63560fab63318
robocup/src/robocup_swarm/scripts/track_bench.py	15917	82670842cedf748d2f2bd710877ce122
robocup/src/robocup_swarm/scripts/verify_swarm_avoidance.py	8436	9e6a607c1096c9e7660b4a4221339386
robocup/src/robocup_training_worlds/CMakeLists.txt	398	75cbbc4b78c7b33b810ce53529bb027b
robocup/src/robocup_training_worlds/README.md	5187	c1cd7c4eeb0a90d46ff3861a104b73fc
robocup/src/robocup_training_worlds/config/training_city.yaml	7726	bfeff0f18c0c70a7fe088e492c75e06b
robocup/src/robocup_training_worlds/launch/training_city_single_uav.launch	1540	3539f58f942dbc95962d5dd9cd56e2fd
robocup/src/robocup_training_worlds/package.xml	649	763f9df8d886912640862441c72d8977
robocup/src/robocup_training_worlds/scripts/generate_training_city.py	6086	71c35c2835726817c209db616cc0316f
robocup/src/robocup_training_worlds/scripts/rasterize_metadata.py	2398	d52378a070bd4e9bf6fded19f42cb7a1
robocup/src/robocup_training_worlds/scripts/render_preview.py	11403	3e1fc1f0a27c0843b17a241dd7f91760
robocup/src/robocup_training_worlds/scripts/training_city_lib.py	50848	2e0ca3611bff37bbea2d69d6c21fc668
robocup/src/robocup_training_worlds/scripts/validate_training_city.py	6020	f3a1ac41e837d1c7e2b00570cf26b3db
robocup/src/robocup_training_worlds/tests/test_training_city_generator.py	20809	4feabb6a56ff009b0f82a715ab4cca2e
robocup/src/robocup_training_worlds/worlds/base.world	250321	f02d25468bf0494179446c1b37dd0d8b
robocup/src/robocup_training_worlds/worlds/generated/README.txt	491	05ff43bc9fcdfbb0363bbe4cc83a8de5
robocup/src/robocup_training_worlds/worlds/generated/preview.html	2129770	1fe4117b1c97a454f81f61879ad6c33a
robocup/src/robocup_training_worlds/worlds/generated/robocup_base.json	23497	e7c03566c84c073ed759a7cf6a443bc7
robocup/src/robocup_training_worlds/worlds/generated/training_city_full_s7.json	244472	3bc8ec7505be1860381808a4a4dba610
robocup/src/robocup_training_worlds/worlds/generated/training_city_full_s7.world	264694	d39a191881a5565006c8bb9c7d383e30
robocup/src/robocup_training_worlds/worlds/generated/training_city_unit_single_wall_s42.json	11074	2fa4e2ebf29952445955b406ebf57109
robocup/src/robocup_training_worlds/worlds/generated/training_city_unit_single_wall_s42.world	7522	43d2ee3d302d9d5a9a207a3349530d0b
robocup/tests/.gitkeep	1	68b329da9893e34099c7d8ad5cb9c940
robocup/tests/check_uav_flight_log.py	1654	0e73d7e12532676c4b73bc8dac0abf84
robocup/tests/sitl_motion_safety.py	3633	6d93768a52439c744c4ecc98344c1092
robocup/tests/sitl_single_wall.py	12610	9278b4400d47d2b51ca87dc22fe5e0da
robocup/tests/test_astar_planner.py	8917	8a504e17562376e44c7a3b9e29fce457
robocup/tests/test_coordination.py	17499	6e89463ba62fac41d0473b1751cada9e
robocup/tests/test_coordination_adapter.py	8893	0fdcb6cf7cdef11cde2f6719a0cfe908
robocup/tests/test_coordination_adapter_components.py	7826	3feee35a4d59ae2c831c60ad252bf047
robocup/tests/test_grid_source.py	17808	b2201b2871d9f9cf4688b206616df4c8
robocup/tests/test_local_grid.py	6485	c1ed0546bcae902381b3f6dcc4c962c9
robocup/tests/test_navigation_regressions.py	10251	ebf628fe64b290890a7f81712a4fd0f7
robocup/tests/test_perception_staleness.py	2625	ad3f02f18caa648c5fce72b8c0eaf57b
robocup/tests/test_route_runtime.py	11638	048908dbd9cbe8abb0ed2d9615d7d9df
robocup/tests/test_route_safety.py	13382	7fa6360ecccc5167a78fb67320f6ad4d
robocup/tests/test_scene_mode.py	5906	64817adbf3ac084992ae6b20293387e4
robocup/tests/test_shadow_dilation.py	4637	4be06275226f520336776104dac831cc
robocup/tests/test_uav_motion.py	10189	02624cc8780197811de0072c8a6af81a
